,MAE,RMSE,R2
baseline_xgboost,88420.97075411734,129831.7052859045,0.8805284308939726
rt_transformer,91702.265625,139297.08430545128,0.8624732494354248
crossformer,305854.6875,429989.22851625015,-0.020570561289787292
tabtransformer,91848.484375,145166.45430677157,0.8506395220756531
